area,city_norm,city_std
Udupi,udupi,udupi
Aligarh,aligarh,aligarh
Begusarai,begusarai,begusarai
Kozhikode,kozhikode,kozhikode
Ichalkaranji,ichalkaranji,ichalkaranji
Visakhapatnam,visakhapatnam,visakhapatnam
Gwalior,gwalior,gwalior
Orai,orai,orai
Buxar,buxar,buxar
Malegaon,malegaon,malegaon
Katni,katni,katni
Fatehpur,fatehpur,fatehpur
Hyderabad,hyderabad,hyderabad
Bhiwandi,bhiwandi,mumbai
Mira-Bhayandar,mirabhayandar,mirabhayandar
Amravati,amravati,amravati
Kochi,kochi,kochi
Tiruchirappalli,tiruchirappalli,tiruchirappalli
Hubli–Dharwad,hublidharwad,hublidharwad
Nagercoil,nagercoil,nagercoil
Alwar,alwar,alwar
Bardhaman,bardhaman,bardhaman
Nandyal,nandyal,nandyal
Hapur,hapur,hapur
Nanded,nanded,nanded
Ramgarh,ramgarh,ramgarh
Bihar Sharif,bihar sharif,bihar sharif
Jorhat,jorhat,jorhat
Raipur,raipur,raipur
Kollam,kollam,kollam
Ratlam,ratlam,ratlam
Nellore,nellore,nellore
Warangal,warangal,warangal
Kottayam,kottayam,kottayam
Tenali,tenali,tenali
Jaipur,jaipur,jaipur
Patiala,patiala,patiala
Maheshtala,maheshtala,maheshtala
Ludhiana,ludhiana,ludhiana
Ongole,ongole,ongole
Katihar,katihar,katihar
Hospet,hospet,hospet
Siwan,siwan,siwan
Dehradun,dehradun,dehradun
North Dumdum,north dumdum,north dumdum
Jamalpur,jamalpur,jamalpur
Parbhani,parbhani,parbhani
Srinagar,srinagar,srinagar
Kolkata,kolkata,kolkata
Haridwar,haridwar,haridwar
Kavali,kavali,kavali
Junagadh,junagadh,junagadh
Karaikudi,karaikudi,karaikudi
Kishanganj,kishanganj,kishanganj
Jaunpur,jaunpur,jaunpur
Madhyamgram,madhyamgram,madhyamgram
Ujjain,ujjain,ujjain
Mehsana,mehsana,mehsana
Korba,korba,korba
Bahraich,bahraich,bahraich
Pali,pali,pali
Jehanabad,jehanabad,jehanabad
Erode,erode,erode
Ulhasnagar,ulhasnagar,ulhasnagar
Pudukkottai,pudukkottai,pudukkottai
Coimbatore,coimbatore,coimbatore
Panchkula,panchkula,panchkula
Mau,mau,mau
Firozabad,firozabad,firozabad
Ballia,ballia,ballia
Bathinda,bathinda,bathinda
Guntur,guntur,guntur
Bhilwara,bhilwara,bhilwara
South Dumdum,south dumdum,south dumdum
Dhanbad,dhanbad,dhanbad
Farrukhabad,farrukhabad,farrukhabad
Deoghar,deoghar,deoghar
Guna,guna,guna
Chennai,chennai,chennai
Morbi,morbi,morbi
Medininagar,medininagar,medininagar
Secunderabad,secunderabad,hyderabad
Bangalore,bangalore,bangalore
Shimoga,shimoga,shimoga
Latur,latur,latur
Tirunelveli,tirunelveli,tirunelveli
Thoothukudi,thoothukudi,thoothukudi
Vijayawada,vijayawada,vijayawada
Bidar,bidar,bidar
Motihari,motihari,motihari
Bettiah,bettiah,bettiah
Tezpur,tezpur,tezpur
Singrauli,singrauli,singrauli
Silchar,silchar,silchar
Vellore,vellore,vellore
Yamunanagar,yamunanagar,yamunanagar
Muzaffarnagar,muzaffarnagar,muzaffarnagar
Avadi,avadi,chennai
Berhampur,berhampur,berhampur
Anand,anand,anand
Etawah,etawah,etawah
Giridih,giridih,giridih
Amaravati,amaravati,amaravati
Kadapa,kadapa,kadapa
Bhind,bhind,bhind
Vasai-Virar,vasaivirar,vasaivirar
Nagpur,nagpur,nagpur
Dindigul,dindigul,dindigul
Aurangabad,aurangabad,aurangabad
Madanapalle,madanapalle,madanapalle
Bhopal,bhopal,bhopal
Kakinada,kakinada,kakinada
Berhampore,berhampore,berhampore
Tirupati,tirupati,tirupati
Udaipur,udaipur,udaipur
Saharanpur,saharanpur,saharanpur
Thiruvananthapuram,thiruvananthapuram,thiruvananthapuram
Rohtak,rohtak,rohtak
Nagaon,nagaon,nagaon
Bhilai,bhilai,bhilai
Kamarhati,kamarhati,kamarhati
Ghaziabad,ghaziabad,delhi
Loni,loni,loni
Tumkur,tumkur,tumkur
Durgapur,durgapur,durgapur
Amritsar,amritsar,amritsar
Ambarnath,ambarnath,ambarnath
Shivpuri,shivpuri,shivpuri
Mysore,mysore,mysore
Adoni,adoni,adoni
Ramagundam,ramagundam,ramagundam
Bhiwani,bhiwani,bhiwani
Sultan Pur Majra,sultan pur majra,sultan pur majra
Kolhapur,kolhapur,kolhapur
Shimla,shimla,shimla
Pallavaram,pallavaram,pallavaram
Allahabad,allahabad,allahabad
Nizamabad,nizamabad,nizamabad
Bhagalpur,bhagalpur,bhagalpur
Panipat,panipat,panipat
Bhavnagar,bhavnagar,bhavnagar
Malda,malda,malda
Hosur,hosur,hosur
Dharmavaram,dharmavaram,dharmavaram
Mirzapur,mirzapur,mirzapur
Bhimavaram,bhimavaram,bhimavaram
Gurgaon,gurgaon,delhi
Rajpur Sonarpur,rajpur sonarpur,rajpur sonarpur
Darbhanga,darbhanga,darbhanga
Pimpri-Chinchwad,pimprichinchwad,pimprichinchwad
Sonipat,sonipat,sonipat
Delhi,delhi,delhi
Panvel,panvel,panvel
Gudivada,gudivada,gudivada
Gopalpur,gopalpur,gopalpur
Naihati,naihati,naihati
Ambattur,ambattur,chennai
Jodhpur,jodhpur,jodhpur
Arrah,arrah,arrah
Solapur,solapur,solapur
Ambala,ambala,ambala
Anantapur,anantapur,anantapur
Chinsurah,chinsurah,chinsurah
Purnia,purnia,purnia
Shahjahanpur,shahjahanpur,shahjahanpur
Satna,satna,satna
Thane,thane,mumbai
Panihati,panihati,panihati
Jammu,jammu,jammu
Kota,kota,kota
Sirsa,sirsa,sirsa
Sagar,sagar,sagar
Bijapur,bijapur,bijapur
Chittoor,chittoor,chittoor
Jalna,jalna,jalna
Jabalpur,jabalpur,jabalpur
Nangloi Jat,nangloi jat,nangloi jat
Ahmednagar,ahmednagar,ahmednagar
Ahmedabad,ahmedabad,ahmedabad
Saharsa,saharsa,saharsa
New Delhi,new delhi,delhi
Bharatpur,bharatpur,bharatpur
Tiruvottiyur,tiruvottiyur,tiruvottiyur
Lucknow,lucknow,lucknow
Khammam,khammam,khammam
Moradabad,moradabad,moradabad
Gandhinagar,gandhinagar,gandhinagar
Kharagpur,kharagpur,kharagpur
Gangtok,gangtok,gangtok
Howrah,howrah,howrah
Faridabad,faridabad,delhi
Indore,indore,indore
Sasaram,sasaram,sasaram
Eluru,eluru,eluru
Dehri,dehri,dehri
Karawal Nagar,karawal nagar,karawal nagar
Pune,pune,pune
Miryalaguda,miryalaguda,miryalaguda
Pondicherry,pondicherry,pondicherry
Sambalpur,sambalpur,sambalpur
Sikar,sikar,sikar
Chandrapur,chandrapur,chandrapur
Varanasi,varanasi,varanasi
Nadiad,nadiad,nadiad
Rajahmundry,rajahmundry,rajahmundry
Chandigarh,chandigarh,chandigarh
Vijayanagaram,vijayanagaram,vijayanagaram
Dhule,dhule,dhule
Khora ,khora,khora
Surat,surat,surat
Rourkela,rourkela,rourkela
Machilipatnam,machilipatnam,machilipatnam
Burhanpur,burhanpur,burhanpur
Bokaro,bokaro,bokaro
Dewas,dewas,dewas
Jamnagar,jamnagar,jamnagar
Vadodara,vadodara,vadodara
Bilaspur,bilaspur,bilaspur
Jalgaon,jalgaon,jalgaon
Tadipatri,tadipatri,tadipatri
Raurkela Industrial Township,raurkela industrial township,raurkela industrial township
Raiganj,raiganj,raiganj
Uluberia,uluberia,uluberia
Raebareli,raebareli,raebareli
Cuttack,cuttack,cuttack
Imphal,imphal,imphal
Hindupur,hindupur,hindupur
Bongaigaon,bongaigaon,bongaigaon
Satara,satara,satara
Hazaribagh,hazaribagh,hazaribagh
Bhatpara,bhatpara,bhatpara
Kumbakonam,kumbakonam,kumbakonam
Aizawl,aizawl,aizawl
Gaya,gaya,gaya
Noida,noida,delhi
Guwahati,guwahati,guwahati
Durg,durg,durg
Anantapuram,anantapuram,anantapuram
Kulti,kulti,kulti
Gandhidham,gandhidham,gandhidham
Asansol,asansol,asansol
Mumbai,mumbai,mumbai
Salem,salem,salem
Haldia,haldia,haldia
Amroha,amroha,amroha
Srikakulam,srikakulam,srikakulam
Danapur,danapur,danapur
Kanpur,kanpur,kanpur
Tadepalligudem,tadepalligudem,tadepalligudem
Tinsukia,tinsukia,tinsukia
Serampore,serampore,serampore
Kurnool,kurnool,kurnool
Davanagere,davanagere,davanagere
Surendranagar Dudhrej,surendranagar dudhrej,surendranagar dudhrej
Guntakal,guntakal,guntakal
Rajkot,rajkot,rajkot
Baranagar,baranagar,baranagar
Bellary,bellary,bellary
Madurai,madurai,madurai
Jamshedpur,jamshedpur,jamshedpur
Rewa,rewa,rewa
Belgaum,belgaum,belgaum
Morena,morena,morena
Gorakhpur,gorakhpur,gorakhpur
Tiruppur,tiruppur,tiruppur
Mathura,mathura,mathura
Bhalswa Jahangir Pur,bhalswa jahangir pur,bhalswa jahangir pur
Bulandshahr,bulandshahr,bulandshahr
Meerut,meerut,meerut
Agra,agra,agra
Gulbarga,gulbarga,gulbarga
Rampur,rampur,rampur
Bidhannagar,bidhannagar,bidhannagar
Mango,mango,mango
Navi Mumbai,navi mumbai,mumbai
Karimnagar,karimnagar,karimnagar
Thanjavur,thanjavur,thanjavur
Hajipur,hajipur,hajipur
Bikaner,bikaner,bikaner
Ranchi,ranchi,ranchi
Unnao,unnao,unnao
Patna,patna,patna
Mahbubnagar,mahbubnagar,mahbubnagar
Ozhukarai,ozhukarai,ozhukarai
Dibrugarh,dibrugarh,dibrugarh
Proddatur,proddatur,proddatur
Nashik,nashik,nashik
Siliguri,siliguri,siliguri
Akola,akola,akola
Karnal,karnal,karnal
Chapra,chapra,chapra
Narasaraopet,narasaraopet,narasaraopet
Barasat,barasat,barasat
Munger,munger,munger
Agartala,agartala,agartala
Phagwara,phagwara,phagwara
Sambhal,sambhal,sambhal
Kalyan-Dombivli,kalyandombivli,kalyandombivli
Jhansi,jhansi,jhansi
Thrissur,thrissur,thrissur
Alappuzha,alappuzha,alappuzha
Kirari Suleman Nagar,kirari suleman nagar,kirari suleman nagar
Sangli-Miraj & Kupwad,sanglimiraj  kupwad,sanglimiraj  kupwad
Suryapet,suryapet,suryapet
Sri Ganganagar,sri ganganagar,sri ganganagar
Bareilly,bareilly,bareilly
Bally,bally,bally
Khandwa,khandwa,khandwa
Ajmer,ajmer,ajmer
Muzaffarpur,muzaffarpur,muzaffarpur
Bhubaneswar,bhubaneswar,bhubaneswar
Raichur,raichur,raichur
Jalandhar,jalandhar,jalandhar
Bhusawal,bhusawal,bhusawal
Mangalore,mangalore,mangalore
Phusro,phusro,phusro
